id,name,email,role,nid,phone,license_no,created_at
1,System Admin,admin@drivebd.gov.bd,admin,1043321819,01700000000,,2026-08-02
2,Rafiq Islam (Demo),demo@drivebd.gov.bd,owner,6001338908,01711111111,DL-CTG-850800,2026-08-02
3,Lutfa Sheikh,lutfa.sheikh226@example.com,driver,9402654235,01409747451,DL-DHK-498382,2022-07-18
4,Shakil Miah,shakil.miah827@example.com,driver,7816184959,01506468299,DL-DHK-148050,2023-04-12
5,Nasrin Akter,nasrin.akter888@example.com,driver,6475255341,01954049436,DL-CTG-660086,2023-05-17
6,Tanvir Miah,tanvir.miah948@example.com,owner,5030564139,01637882805,DL-CTG-787277,2024-10-19
7,Fahim Khan,fahim.khan272@example.com,owner,3884969653,01448532577,DL-SYL-617488,2022-07-06
8,Salma Khan,salma.khan643@example.com,owner,6916697848,01312327652,DL-DHK-814825,2025-01-04
9,Rubina Ahmed,rubina.ahmed301@example.com,driver,2704828148,01953876785,DL-CTG-260263,2024-02-05
10,Lutfa Islam,lutfa.islam614@example.com,owner,7015430391,01391969690,DL-RAJ-955662,2022-05-22
11,Lutfa Khan,lutfa.khan132@example.com,driver,8248963834,01728414718,DL-KHL-559381,2024-11-25
12,Habibur Akter,habibur.akter66@example.com,owner,0983930103,01372370545,DL-DHK-446479,2022-05-26
13,Farzana Kazi,farzana.kazi220@example.com,owner,9973763116,01680424119,DL-RAJ-531071,2024-08-14
14,Rashida Ahmed,rashida.ahmed63@example.com,driver,5133387262,01599085574,DL-RAJ-361941,2022-06-04
15,Delwar Ahmed,delwar.ahmed52@example.com,driver,1326773602,01706919288,DL-DHK-509386,2023-06-28
16,Jesmin Talukder,jesmin.talukder434@example.com,driver,2343098050,01353839920,DL-SYL-599948,2024-10-26
17,Parvin Chowdhury,parvin.chowdhury59@example.com,driver,2191361939,01938360085,DL-DHK-749468,2022-06-17
18,Mizanur Sarkar,mizanur.sarkar958@example.com,owner,3534624751,01310002396,DL-RAJ-751332,2025-02-27
19,Nasrin Uddin,nasrin.uddin519@example.com,owner,2513542784,01956783995,DL-SYL-108203,2025-02-09
20,Kamal Khan,kamal.khan271@example.com,driver,1824493534,01842678844,DL-RAJ-363319,2022-04-15
21,Imran Miah,imran.miah46@example.com,driver,5242786801,01380792472,DL-CTG-672092,2022-03-15
22,Kamrun Khan,kamrun.khan441@example.com,owner,0450533158,01736344399,DL-SYL-885884,2022-11-13
23,Ayesha Chowdhury,ayesha.chowdhury820@example.com,owner,6025634216,01341580226,DL-RAJ-333238,2023-02-13
24,Jesmin Molla,jesmin.molla313@example.com,owner,3036541458,01729151399,DL-SYL-447235,2022-02-26
25,Nazrul Chowdhury,nazrul.chowdhury595@example.com,owner,0196556981,01713600440,DL-SYL-299312,2023-06-06
26,Imran Islam,imran.islam533@example.com,owner,5615951484,01738508549,DL-KHL-521947,2023-08-29
27,Taslima Sheikh,taslima.sheikh681@example.com,driver,2994680443,01761588882,DL-SYL-736130,2023-10-22
28,Fahim Uddin,fahim.uddin524@example.com,driver,2148951343,01513814138,DL-CTG-125611,2022-04-05
29,Rezaul Hossain,rezaul.hossain467@example.com,driver,9367632016,01534978881,DL-CTG-943170,2024-11-26
30,Delwar Akter,delwar.akter940@example.com,driver,7278895798,01758209399,DL-SYL-567574,2022-11-22
31,Mahmuda Mia,mahmuda.mia266@example.com,owner,4873471434,01660613550,DL-KHL-666390,2022-06-15
32,Habibur Bhuiyan,habibur.bhuiyan711@example.com,owner,3166587603,01751125671,DL-RAJ-907189,2025-04-11
33,Fatema Bhuiyan,fatema.bhuiyan489@example.com,driver,5466889373,01593062061,DL-RAJ-609232,2022-03-01
34,Tanvir Chowdhury,tanvir.chowdhury861@example.com,driver,2980699016,01445706210,DL-RAJ-290556,2022-04-13
35,Rakibul Uddin,rakibul.uddin466@example.com,owner,5646417080,01675767056,DL-CTG-781725,2022-05-21
36,Rashida Islam,rashida.islam973@example.com,owner,3092327193,01799326438,DL-KHL-904150,2024-01-26
37,Saiful Ahmed,saiful.ahmed797@example.com,owner,4190496631,01935760237,DL-CTG-206851,2023-09-10
38,Halima Ahmed,halima.ahmed816@example.com,driver,5865185067,01413321496,DL-RAJ-479781,2025-07-25
39,Jesmin Khan,jesmin.khan446@example.com,owner,8498776945,01563598427,DL-DHK-392477,2024-07-12
40,Fahim Bhuiyan,fahim.bhuiyan345@example.com,driver,7527354549,01596641124,DL-SYL-110644,2024-11-24
41,Nasrin Akter,nasrin.akter738@example.com,driver,7837770143,01734222401,DL-CTG-421080,2025-04-06
42,Delwar Molla,delwar.molla436@example.com,owner,5744431351,01875379544,DL-CTG-300845,2023-03-20
43,Farzana Talukder,farzana.talukder103@example.com,owner,4352408240,01358546865,DL-SYL-406327,2022-09-16
44,Mahmuda Ahmed,mahmuda.ahmed894@example.com,driver,9477752047,01422500131,DL-DHK-520172,2024-10-04
45,Mohammad Khan,mohammad.khan153@example.com,owner,1318699938,01708427798,DL-RAJ-564226,2023-09-01
46,Roksana Talukder,roksana.talukder583@example.com,driver,9133412328,01380600295,DL-CTG-102805,2024-04-16
47,Saiful Kazi,saiful.kazi299@example.com,driver,3447134936,01423240112,DL-SYL-335729,2022-11-02
48,Shirin Hossain,shirin.hossain62@example.com,owner,4994717464,01837377910,DL-SYL-617781,2024-06-15
49,Mohammad Sheikh,mohammad.sheikh753@example.com,owner,9401399049,01343198431,DL-CTG-593355,2024-11-28
50,Farzana Chowdhury,farzana.chowdhury600@example.com,driver,7175655125,01742000551,DL-RAJ-402218,2024-03-31
